{"cameraMode":{"drawMode":0,"name":"Shaded","section":"Shading Mode"},"sceneLighting":false,"audioPlay":false,"sceneViewState":{"showFog":true,"showMaterialUpdate":false,"showSkybox":false,"showFlares":true,"showImageEffects":true,"showParticleSystems":true},"in2DMode":false,"pivot":{"x":-2.8098628520965578,"y":1.6644185781478882,"z":0.36106377840042117},"rotation":{"x":-0.023805998265743257,"y":0.6617960333824158,"z":-0.02109391801059246,"w":-0.7490821480751038},"size":9.33381462097168,"orthographic":false}