{"cameraMode":{"drawMode":0,"name":"Shaded","section":"Shading Mode"},"sceneLighting":false,"audioPlay":false,"sceneViewState":{"showFog":true,"showMaterialUpdate":false,"showSkybox":false,"showFlares":true,"showImageEffects":true,"showParticleSystems":true},"in2DMode":false,"pivot":{"x":0.6479615569114685,"y":4.9523420333862309,"z":-1.2925605773925782},"rotation":{"x":-0.28245288133621218,"y":0.6392568349838257,"z":-0.27318108081817629,"w":-0.66110759973526},"size":1.1681265830993653,"orthographic":false}