{"cameraMode":{"drawMode":0,"name":"Shaded","section":"Shading Mode"},"sceneLighting":true,"audioPlay":false,"sceneViewState":{"showFog":true,"showMaterialUpdate":true,"showSkybox":true,"showFlares":true,"showImageEffects":false,"showParticleSystems":true},"in2DMode":false,"pivot":{"x":709.8511962890625,"y":-365.9154357910156,"z":-392.9951171875},"rotation":{"x":-0.31690531969070437,"y":-0.14666320383548737,"z":0.04942517727613449,"w":-0.936073362827301},"size":53.735008239746097,"orthographic":false}