{"cameraMode":{"drawMode":0,"name":"Shaded","section":"Shading Mode"},"sceneLighting":true,"audioPlay":false,"sceneViewState":{"showFog":true,"showMaterialUpdate":false,"showSkybox":true,"showFlares":true,"showImageEffects":true,"showParticleSystems":true},"in2DMode":false,"pivot":{"x":10.288454055786133,"y":4.847995758056641,"z":105.42047882080078},"rotation":{"x":0.03791709989309311,"y":-0.9619640111923218,"z":0.17137867212295533,"w":0.21023787558078767},"size":22.0,"orthographic":false}