{"cameraMode":{"drawMode":0,"name":"Shaded","section":"Shading Mode"},"sceneLighting":false,"audioPlay":false,"sceneViewState":{"showFog":true,"showMaterialUpdate":false,"showSkybox":false,"showFlares":true,"showImageEffects":true,"showParticleSystems":true},"in2DMode":false,"pivot":{"x":-5.306869983673096,"y":-9.591445922851563,"z":-29.39122772216797},"rotation":{"x":-0.18381038308143617,"y":0.7696118950843811,"z":-0.556215226650238,"w":-0.25435659289360049},"size":54.824951171875,"orthographic":false}