{"cameraMode":{"drawMode":0,"name":"Shaded","section":"Shading Mode"},"sceneLighting":false,"audioPlay":false,"sceneViewState":{"showFog":true,"showMaterialUpdate":false,"showSkybox":false,"showFlares":true,"showImageEffects":true,"showParticleSystems":true},"in2DMode":false,"pivot":{"x":-18.449413299560548,"y":-23.540456771850587,"z":-44.36326599121094},"rotation":{"x":-0.04653121158480644,"y":0.9503123164176941,"z":-0.25414106249809267,"w":-0.17410162091255189},"size":54.824951171875,"orthographic":false}